{
    "now": "2024-11-19T10:39:35.617Z",
    "perfNow": 1656109.599999994,
    "diagnosticCorrelation": "99d536f2-17f7-431a-a8ce-f16f546f5ade",
    "source": "DownloadSupportFiles",
    "environment": {
        "productName": "adf",
        "buildVersion": "1.0.110124.1",
        "environmentType": 3,
        "resourceName": "bbl-df-test",
        "resourceRegion": "centralindia",
        "resourceGroup": "bblresource",
        "subscriptionId": "220e6cf2-b4c5-4b5b-8ed9-da7732bf0f5e",
        "sessionId": "WHY4wrWJm0sLVYba4D4lVR",
        "operationId": "",
        "gitType": "live",
        "loggingKey": "16b998bd-5b98-4c81-913d-3b92a81577b2"
    },
    "additionalInfo": {
        "selectedResource": "adfcdc1",
        "selectedResourceType": "adfcdc",
        "dataFlowSessionId": "5ddc710b-ee24-4d16-8566-5d9470b270a1"
    }
}