{
    "name": "adfcdc1",
    "properties": {
        "SourceConnectionsInfo": [
            {
                "SourceEntities": [
                    {
                        "name": "dbo.Persons",
                        "properties": {
                            "schema": [],
                            "dslConnectorProperties": [
                                {
                                    "name": "schemaName",
                                    "value": "dbo"
                                },
                                {
                                    "name": "tableName",
                                    "value": "Persons"
                                },
                                {
                                    "name": "enableNativeCdc",
                                    "value": true
                                },
                                {
                                    "name": "netChanges",
                                    "value": true
                                }
                            ]
                        }
                    }
                ],
                "Connection": {
                    "linkedService": {
                        "referenceName": "AzureSqlDatabase3",
                        "type": "LinkedServiceReference"
                    },
                    "linkedServiceType": "AzureSqlDatabase",
                    "type": "linkedservicetype",
                    "isInlineDataset": true,
                    "commonDslConnectorProperties": [
                        {
                            "name": "allowSchemaDrift",
                            "value": true
                        },
                        {
                            "name": "inferDriftedColumnTypes",
                            "value": true
                        },
                        {
                            "name": "format",
                            "value": "table"
                        },
                        {
                            "name": "store",
                            "value": "sqlserver"
                        },
                        {
                            "name": "databaseType",
                            "value": "databaseType"
                        },
                        {
                            "name": "database",
                            "value": "database"
                        },
                        {
                            "name": "skipInitialLoad",
                            "value": true
                        }
                    ]
                }
            }
        ],
        "TargetConnectionsInfo": [
            {
                "TargetEntities": [
                    {
                        "name": "tbllakehousegen2/synapse/workspaces/ucblrnd/warehouse/persons",
                        "properties": {
                            "schema": [],
                            "dslConnectorProperties": [
                                {
                                    "name": "container",
                                    "value": "tbllakehousegen2"
                                },
                                {
                                    "name": "fileSystem",
                                    "value": "tbllakehousegen2"
                                },
                                {
                                    "name": "folderPath",
                                    "value": "synapse/workspaces/ucblrnd/warehouse/persons"
                                }
                            ]
                        }
                    }
                ],
                "Connection": {
                    "linkedService": {
                        "referenceName": "AzureDataLakeStorage2",
                        "type": "LinkedServiceReference"
                    },
                    "linkedServiceType": "AzureBlobFS",
                    "type": "linkedservicetype",
                    "isInlineDataset": true,
                    "commonDslConnectorProperties": [
                        {
                            "name": "allowSchemaDrift",
                            "value": true
                        },
                        {
                            "name": "inferDriftedColumnTypes",
                            "value": true
                        },
                        {
                            "name": "format",
                            "value": "delta"
                        },
                        {
                            "name": "mergeSchema",
                            "value": true
                        },
                        {
                            "name": "autoCompact",
                            "value": true
                        },
                        {
                            "name": "optimizedWrite",
                            "value": true
                        },
                        {
                            "name": "deletable",
                            "value": false
                        },
                        {
                            "name": "insertable",
                            "value": true
                        },
                        {
                            "name": "updateable",
                            "value": false
                        },
                        {
                            "name": "upsertable",
                            "value": false
                        },
                        {
                            "name": "skipDuplicateMapInputs",
                            "value": true
                        },
                        {
                            "name": "skipDuplicateMapOutputs",
                            "value": true
                        }
                    ]
                },
                "DataMapperMappings": [
                    {
                        "targetEntityName": "tbllakehousegen2/synapse/workspaces/ucblrnd/warehouse/persons",
                        "sourceEntityName": "dbo.Persons",
                        "sourceConnectionReference": {
                            "connectionName": "AzureSqlDatabase3",
                            "type": "linkedservicetype"
                        },
                        "attributeMappingInfo": {
                            "attributeMappings": []
                        }
                    }
                ],
                "Relationships": []
            }
        ],
        "Policy": {
            "recurrence": {
                "frequency": "Minute",
                "interval": 1
            },
            "mode": "Microbatch"
        },
        "allowVNetOverride": false
    }
}